exercise_name,parent,leaf_class
py_fail_course,HandlingStandardFunction,CallingStandardFunction
py_fail_course,HandlingStandardFunction,DefiningStandardFunction
py_fail_course2,HandlingStandardFunction,CallingStandardFunction
py_fail_course2,HandlingStandardFunction,DefiningStandardFunction
py_fail_course3,Python,Importing
py_phone_age,HandlingStandardFunction,CallingStandardFunction
py_phone_age,HandlingStandardFunction,DefiningStandardFunction
py_phone_age2,HandlingStandardFunction,CallingStandardFunction
py_phone_age2,HandlingStandardFunction,DefiningStandardFunction
py_rent_car,HandlingStandardFunction,CallingStandardFunction
py_rent_car,HandlingStandardFunction,DefiningStandardFunction
py_rent_car2,HandlingStandardFunction,CallingStandardFunction
py_rent_car2,HandlingStandardFunction,DefiningStandardFunction
py_check_age,HandlingStandardFunction,CallingStandardFunction
py_check_age,HandlingStandardFunction,DefiningStandardFunction
py_check_age2,HandlingStandardFunction,CallingStandardFunction
py_check_age2,HandlingStandardFunction,DefiningStandardFunction
py_three_boolean2,Python,Importing
py_three_boolean2,HandlingStandardFunction,CallingStandardFunction
py_three_boolean2,HandlingStandardFunction,DefiningStandardFunction
py_three_boolean3,HandlingStandardFunction,CallingStandardFunction
py_three_boolean3,HandlingStandardFunction,DefiningStandardFunction
py_boolean_dry_hot,Python,Importing
py_boolean_dry_hot2,Python,Importing
py_boolean_dry_hot2,HandlingStandardFunction,CallingStandardFunction
py_boolean_dry_hot2,HandlingStandardFunction,DefiningStandardFunction
py_boolean_dry_hot3,HandlingStandardFunction,CallingStandardFunction
py_boolean_dry_hot3,HandlingStandardFunction,DefiningStandardFunction
py_boolean_dry_hot4,CheckingCondition,IfElifChecking
py_boolean_dry_hot4,HandlingStandardFunction,CallingStandardFunction
py_boolean_dry_hot4,HandlingStandardFunction,DefiningStandardFunction
py_str_repeat_chars,HandlingStandardFunction,CallingStandardFunction
py_str_repeat_chars,HandlingStandardFunction,DefiningStandardFunction
py_str_repeat_chars,ForLoopWithUpdate,ForLoopWith*=
py_str_repeat2,HandlingStandardFunction,CallingStandardFunction
py_str_repeat2,HandlingStandardFunction,DefiningStandardFunction
py_file_input_stat,HandlingFunction,NestedFunctionCall
py_file_input_stat,HandlingStandardFunction,CallingStandardFunction
py_file_input_stat,HandlingStandardFunction,DefiningStandardFunction
py_file_input_stat,WhileLoopWithUpdate,WhileLoopWith*=
py_file_input_stat,ForLoopWithUpdate,ForLoopWith*=
py_input_stat2,HandlingFunctionCallingFunction,CallingFunctionCallingFunction
py_input_stat2,HandlingFunctionCallingFunction,DefiningFunctionCallingFunction
py_input_stat2,HandlingStandardFunction,CallingStandardFunction
py_input_stat2,HandlingStandardFunction,DefiningStandardFunction
py_input_stat2,NestedLoopIteration,NestedWhileLoopIteration
py_student_score,HandlingStandardFunction,CallingStandardFunction
py_student_score,HandlingStandardFunction,DefiningStandardFunction
py_score_dict2,HandlingStandardFunction,CallingStandardFunction
py_score_dict2,HandlingStandardFunction,DefiningStandardFunction
bjects_classes_loan,HandlingObjectOrientedProgramming,CallingOOPMethod
py_loan2,HandlingObjectOrientedProgramming,CallingOOPMethod
py_tv2,HandlingObjectOrientedProgramming,CallingOOPMethod
py_tv2,HandlingRecursiveFunction,CallingRecursiveFunction
py_tv2,HandlingRecursiveFunction,DefiningRecursiveFunction
py_tv2,HandlingStandardFunction,CallingStandardFunction
py_tv2,HandlingStandardFunction,DefiningStandardFunction
py_point2,HandlingRecursiveFunction,CallingRecursiveFunction
py_point2,HandlingRecursiveFunction,DefiningRecursiveFunction
py_point2,HandlingStandardFunction,CallingStandardFunction
py_point2,HandlingStandardFunction,DefiningStandardFunction
objects_classes_account,HandlingObjectOrientedProgramming,CallingOOPMethod
objects_classes_account,HandlingStandardFunction,CallingStandardFunction
objects_classes_account,HandlingStandardFunction,DefiningStandardFunction
py_char_dict,CheckingCondition,IfElifChecking
py_char_dict,HandlingStandardFunction,CallingStandardFunction
py_char_dict,HandlingStandardFunction,DefiningStandardFunction
py_first_char_words_dict,HandlingStandardFunction,CallingStandardFunction
py_first_char_words_dict,HandlingStandardFunction,DefiningStandardFunction
ae_adl_hello,HandlingStandardFunction,CallingStandardFunction
ae_adl_hello,HandlingStandardFunction,DefiningStandardFunction
ae_adl_variables,HandlingStandardFunction,CallingStandardFunction
ae_adl_variables,HandlingStandardFunction,DefiningStandardFunction
ae_adl_simple_arithmetics,HandlingNestedFunction,CallingNestedFunction
ae_adl_simple_arithmetics,HandlingStandardFunction,CallingStandardFunction
ae_adl_simple_arithmetics,HandlingStandardFunction,DefiningStandardFunction
ae_adl_arithmetics2,HandlingStandardFunction,CallingStandardFunction
ae_adl_arithmetics2,HandlingStandardFunction,DefiningStandardFunction
ae_adl_swap,HandlingStandardFunction,CallingStandardFunction
ae_adl_swap,HandlingStandardFunction,DefiningStandardFunction
ae_adl_comparison,HandlingStandardFunction,CallingStandardFunction
ae_adl_comparison,HandlingStandardFunction,DefiningStandardFunction
ae_adl_logic,HandlingStandardFunction,CallingStandardFunction
ae_adl_logic,HandlingStandardFunction,DefiningStandardFunction
ae_adl_greet,HandlingStandardFunction,CallingStandardFunction
ae_adl_greet,HandlingStandardFunction,DefiningStandardFunction
ae_adl_input1,Python,Importing
ae_adl_input1,HandlingStandardFunction,CallingStandardFunction
ae_adl_input1,HandlingStandardFunction,DefiningStandardFunction
ae_adl_input2,Python,Importing
ae_adl_input2,HandlingStandardFunction,CallingStandardFunction
ae_adl_input2,HandlingStandardFunction,DefiningStandardFunction
ae_adl_hiscore1,HandlingStandardFunction,CallingStandardFunction
ae_adl_hiscore1,HandlingStandardFunction,DefiningStandardFunction
ae_adl_hiscore2,HandlingStandardFunction,CallingStandardFunction
ae_adl_hiscore2,HandlingStandardFunction,DefiningStandardFunction
ae_adl_ifelse,HandlingStandardFunction,CallingStandardFunction
ae_adl_ifelse,HandlingStandardFunction,DefiningStandardFunction
ae_adl_ifelifelse,HandlingStandardFunction,CallingStandardFunction
ae_adl_ifelifelse,HandlingStandardFunction,DefiningStandardFunction
ae_adl_nested_if,HandlingStandardFunction,CallingStandardFunction
ae_adl_nested_if,HandlingStandardFunction,DefiningStandardFunction
ae_adl_while,HandlingStandardFunction,CallingStandardFunction
ae_adl_while,HandlingStandardFunction,DefiningStandardFunction
ae_adl_for,HandlingStandardFunction,CallingStandardFunction
ae_adl_for,HandlingStandardFunction,DefiningStandardFunction
ae_adl_for,NonNestedIteration,SingleWhileLoopIteration
ae_adl_for,NestedLoopIteration,NestedWhileLoopIteration
ae_adl_strings,HandlingStandardFunction,CallingStandardFunction
ae_adl_strings,HandlingStandardFunction,DefiningStandardFunction
ae_adl_lists1,HandlingStandardFunction,CallingStandardFunction
ae_adl_lists1,HandlingStandardFunction,DefiningStandardFunction
ae_adl_lists2,HandlingStandardFunction,CallingStandardFunction
ae_adl_lists2,HandlingStandardFunction,DefiningStandardFunction
ae_adl_lists2,NonNestedIteration,SingleWhileLoopIteration
ae_adl_lists3,HandlingFunction,CallingFunctionLibrary
ae_adl_lists3,HandlingStandardFunction,CallingStandardFunction
ae_adl_lists3,HandlingStandardFunction,DefiningStandardFunction
ae_adl_lists3,NonNestedIteration,SingleWhileLoopIteration
ae_adl_lists3,HandlingString,CreatingString
ae_adl_lists3,HandlingString,ReplacingStringContent
ae_adl_lists3,HandlingString,FormattingString
ae_adl_lists3,HandlingString,TransformingToStringType
ae_adl_lists3,HandlingString,TrimmingString
ae_adl_lists3,ModifyingStringCase,ConvertStringToUpperCase
ae_adl_lists3,ModifyingStringCase,ConvertStringToLowerCase
ae_adl_lists3,ModifyingStringCase,CapitalizeString
ae_adl_format2,HandlingStandardFunction,CallingStandardFunction
ae_adl_format2,HandlingStandardFunction,DefiningStandardFunction
ae_adl_findmax,HandlingStandardFunction,CallingStandardFunction
ae_adl_findmax,HandlingStandardFunction,DefiningStandardFunction
ae_adl_findmax,HandlingInteger,TransformingToIntType
ae_adl_functions1,HandlingStandardFunction,CallingStandardFunction
ae_adl_functions1,HandlingStandardFunction,DefiningStandardFunction
ae_adl_returnvalue,Python,Importing
ae_adl_returnvalue,HandlingStandardFunction,CallingStandardFunction
ae_adl_returnvalue,HandlingStandardFunction,DefiningStandardFunction
ae_adl_functions2,Python,Importing
ae_adl_functions2,HandlingStandardFunction,CallingStandardFunction
ae_adl_functions2,HandlingStandardFunction,DefiningStandardFunction
ae_adl_functions3,HandlingStandardFunction,CallingStandardFunction
ae_adl_functions3,HandlingStandardFunction,DefiningStandardFunction
ae_adl_recursion,HandlingRecursiveFunction,CallingRecursiveFunction
ae_adl_recursion,HandlingRecursiveFunction,DefiningRecursiveFunction
ae_adl_dict1,HandlingStandardFunction,CallingStandardFunction
ae_adl_dict1,HandlingStandardFunction,DefiningStandardFunction
ae_adl_dict2,HandlingStandardFunction,CallingStandardFunction
ae_adl_dict2,HandlingStandardFunction,DefiningStandardFunction
ae_adl_dict3,HandlingStandardFunction,CallingStandardFunction
ae_adl_dict3,HandlingStandardFunction,DefiningStandardFunction
ae_adl_dict3,HandlingInteger,TransformingToIntType
ae_adl_objects1,HandlingStandardFunction,CallingStandardFunction
ae_adl_objects1,HandlingStandardFunction,DefiningStandardFunction
ae_adl_objects2,HandlingRecursiveFunction,CallingRecursiveFunction
ae_adl_objects2,HandlingRecursiveFunction,DefiningRecursiveFunction
ae_adl_objects2,HandlingStandardFunction,CallingStandardFunction
ae_adl_objects2,HandlingStandardFunction,DefiningStandardFunction
py_concat_str_num,HandlingStandardFunction,CallingStandardFunction
py_concat_str_num,HandlingStandardFunction,DefiningStandardFunction
py_concat_str_num2,Python,Importing
py_concat_str_num2,HandlingStandardFunction,CallingStandardFunction
py_concat_str_num2,HandlingStandardFunction,DefiningStandardFunction
py_concat_string_num3,HandlingStandardFunction,CallingStandardFunction
py_concat_string_num3,HandlingStandardFunction,DefiningStandardFunction
py_time_conversion,HandlingStandardFunction,CallingStandardFunction
py_time_conversion,HandlingStandardFunction,DefiningStandardFunction
py_bmi_calculator,HandlingStandardFunction,CallingStandardFunction
py_bmi_calculator,HandlingStandardFunction,DefiningStandardFunction
py_bmi_calculator2,HandlingStandardFunction,CallingStandardFunction
py_bmi_calculator2,HandlingStandardFunction,DefiningStandardFunction
py_pythagorean_theorem,Python,Importing
py_pythagorean_theorem,HandlingStandardFunction,CallingStandardFunction
py_pythagorean_theorem,HandlingStandardFunction,DefiningStandardFunction
py_pythagorean_theorem2,Python,Importing
py_f_to_c_conversion,HandlingStandardFunction,CallingStandardFunction
py_f_to_c_conversion,HandlingStandardFunction,DefiningStandardFunction
py_fahrenheit_to_celsius,HandlingStandardFunction,CallingStandardFunction
py_fahrenheit_to_celsius,HandlingStandardFunction,DefiningStandardFunction
py_vending_machine,Python,Importing
py_vending_machine2,HandlingStandardFunction,CallingStandardFunction
py_vending_machine2,HandlingStandardFunction,DefiningStandardFunction
py_nested_if_min_max,HandlingStandardFunction,CallingStandardFunction
py_nested_if_min_max,HandlingStandardFunction,DefiningStandardFunction
py_nested_if_max_of_three,Python,Importing
py_nested_if_max_of_three,HandlingObjectOrientedProgramming,DefiningOOPMethod
py_nested_if_max_of_three,HandlingFunction,NestedFunctionCall
py_nested_if_max_of_three,HandlingStandardFunction,CallingStandardFunction
py_nested_if_max_of_three,HandlingStandardFunction,DefiningStandardFunction
py_nested_if_temperature,Python,Importing
py_nested_if_temperature2,HandlingStandardFunction,CallingStandardFunction
py_nested_if_temperature2,HandlingStandardFunction,DefiningStandardFunction
py_if_else_grade,Python,Importing
py_ifelseif_grade2,Python,Importing
py_ifelseif_grade2,HandlingStandardFunction,CallingStandardFunction
py_ifelseif_grade2,HandlingStandardFunction,DefiningStandardFunction
q_py_topic_dictionary:q_py_dict_access1,HandlingStandardFunction,CallingStandardFunction
q_py_topic_dictionary:q_py_dict_access1,HandlingStandardFunction,DefiningStandardFunction
q_py_topic_dictionary:q_py_dict_access1,HandlingDictionary,ReplacingDictionaryElement
q_py_topic_dictionary:q_py_dict_access1,HandlingDictionary,AddingItemToDictionary
q_py_topic_dictionary:q_py_dict_access1,HandlingList,CreatingList
q_py_topic_dictionary:q_py_dict_access1,HandlingList,SlicingList
q_py_topic_dictionary:q_py_dict_access1,HandlingList,ListReferencing
q_py_topic_dictionary:q_py_dict_access1,HandlingList,ReversingList
q_py_topic_dictionary:q_py_dict_access1,AddingListElement,AddingListElementWithInsert
q_py_topic_dictionary:q_py_dict_access1,AddingListElement,AddingListElementWithAppend
q_py_topic_dictionary:q_py_dict_access2,HandlingAdvancedDataStructure,StackTask
q_py_topic_dictionary:q_py_dict_access2,HandlingFunction,CallingFunctionLibrary
q_py_topic_dictionary:q_py_dict_access2,HandlingFunction,NestedFunctionCall
q_py_topic_dictionary:q_py_dict_access2,HandlingFunctionCallingFunction,CallingFunctionCallingFunction
q_py_topic_dictionary:q_py_dict_access2,HandlingFunctionCallingFunction,DefiningFunctionCallingFunction
q_py_topic_dictionary:q_py_dict_access2,HandlingRecursiveFunction,CallingRecursiveFunction
q_py_topic_dictionary:q_py_dict_access2,HandlingRecursiveFunction,DefiningRecursiveFunction
q_py_topic_dictionary:q_py_dict_access2,HandlingNestedFunction,CallingNestedFunction
q_py_topic_dictionary:q_py_dict_access2,HandlingNestedFunction,DefiningNestedFunction
q_py_topic_dictionary:q_py_dict_access2,HandlingStandardFunction,CallingStandardFunction
q_py_topic_dictionary:q_py_dict_access2,HandlingStandardFunction,DefiningStandardFunction
q_py_topic_dictionary:q_py_dict_access2,HandlingString,CreatingString
q_py_topic_dictionary:q_py_dict_access2,HandlingString,ReplacingStringContent
q_py_topic_dictionary:q_py_dict_access2,HandlingString,TransformingToStringType
q_py_topic_dictionary:q_py_dict_access2,HandlingString,TrimmingString
q_py_topic_dictionary:q_py_dict_access2,ModifyingStringCase,ConvertStringToUpperCase
q_py_topic_dictionary:q_py_dict_access2,ModifyingStringCase,ConvertStringToLowerCase
q_py_topic_dictionary:q_py_dict_access2,ModifyingStringCase,CapitalizeString
q_py_topic_exceptions:q_py_exception_assertion,HandlingStandardFunction,CallingStandardFunction
q_py_topic_exceptions:q_py_exception_assertion,HandlingStandardFunction,DefiningStandardFunction
q_py_topic_exceptions:q_py_exceptions_addarr,HandlingStandardFunction,CallingStandardFunction
q_py_topic_exceptions:q_py_exceptions_addarr,HandlingStandardFunction,DefiningStandardFunction
q_py_topic_exceptions:q_py_exceptions_addarr,ForLoopWithUpdate,ForLoopWith*=
q_py_topic_exceptions:q_py_list_except1,HandlingStandardFunction,CallingStandardFunction
q_py_topic_exceptions:q_py_list_except1,HandlingStandardFunction,DefiningStandardFunction
q_py_topic_exceptions:q_py_value_except1,CheckingCondition,AssertChecking
q_py_topic_exceptions:q_py_value_except1,HandlingFunction,NestedFunctionCall
q_py_topic_exceptions:q_py_value_except1,HandlingStandardFunction,CallingStandardFunction
q_py_topic_exceptions:q_py_value_except1,HandlingStandardFunction,DefiningStandardFunction
q_py_topic_file_processing:q_py_file1,HandlingStandardFunction,CallingStandardFunction
q_py_topic_file_processing:q_py_file1,HandlingStandardFunction,DefiningStandardFunction
q_py_topic_functions:q_py_fun_car1,HandlingStandardFunction,CallingStandardFunction
q_py_topic_functions:q_py_fun_car1,HandlingStandardFunction,DefiningStandardFunction
q_py_topic_functions:q_py_fun_car2,HandlingRecursiveFunction,CallingRecursiveFunction
q_py_topic_functions:q_py_fun_car2,HandlingRecursiveFunction,DefiningRecursiveFunction
q_py_topic_functions:q_py_fun_car2,HandlingStandardFunction,CallingStandardFunction
q_py_topic_functions:q_py_fun_car2,HandlingStandardFunction,DefiningStandardFunction
q_py_topic_if_statement:q_py_if_elif1,HandlingStandardFunction,CallingStandardFunction
q_py_topic_if_statement:q_py_if_elif1,HandlingStandardFunction,DefiningStandardFunction
q_py_topic_if_statement:q_py_nested_if1,HandlingStandardFunction,CallingStandardFunction
q_py_topic_if_statement:q_py_nested_if1,HandlingStandardFunction,DefiningStandardFunction
q_py_topic_if_statement:q_py_nested_if_elif1,HandlingStandardFunction,CallingStandardFunction
q_py_topic_if_statement:q_py_nested_if_elif1,HandlingStandardFunction,DefiningStandardFunction
q_py_topic_if_statement:q_py_nested_if_elif2,HandlingFunction,NestedFunctionCall
q_py_topic_if_statement:q_py_nested_if_elif2,HandlingStandardFunction,CallingStandardFunction
q_py_topic_if_statement:q_py_nested_if_elif2,HandlingStandardFunction,DefiningStandardFunction
q_py_topic_lists:q_py_add_two_lists1,HandlingStandardFunction,CallingStandardFunction
q_py_topic_lists:q_py_add_two_lists1,HandlingStandardFunction,DefiningStandardFunction
q_py_topic_lists:q_py_add_two_lists1,ForLoopWithUpdate,ForLoopWith*=
q_py_topic_lists:q_py_list_access1,HandlingStandardFunction,CallingStandardFunction
q_py_topic_lists:q_py_list_access1,HandlingStandardFunction,DefiningStandardFunction
q_py_topic_lists:q_py_list_access2,HandlingStandardFunction,CallingStandardFunction
q_py_topic_lists:q_py_list_access2,HandlingStandardFunction,DefiningStandardFunction
q_py_topic_lists:q_py_list_access2,ForLoopWithUpdate,ForLoopWith+=
q_py_topic_lists:q_py_list_append1,HandlingStandardFunction,CallingStandardFunction
q_py_topic_lists:q_py_list_append1,HandlingStandardFunction,DefiningStandardFunction
q_py_topic_lists:q_py_list_append1,NonNestedIteration,SingleWhileLoopIteration
q_py_topic_lists:q_py_list_append1,ForLoopWithUpdate,ForLoopWith*=
q_py_topic_lists:q_py_list_remove1,HandlingStandardFunction,CallingStandardFunction
q_py_topic_lists:q_py_list_remove1,HandlingStandardFunction,DefiningStandardFunction
q_py_topic_lists:q_py_list_remove1,HandlingList,IndexingList
q_py_topic_logical_operators:q_py_account_logic1,HandlingStandardFunction,CallingStandardFunction
q_py_topic_logical_operators:q_py_account_logic1,HandlingStandardFunction,DefiningStandardFunction
q_py_topic_logical_operators:q_py_comparison_logic1,HandlingStandardFunction,CallingStandardFunction
q_py_topic_logical_operators:q_py_comparison_logic1,HandlingStandardFunction,DefiningStandardFunction
q_py_topic_logical_operators:q_py_comparison_logic1,ForLoopWithUpdate,ForLoopWith*=
q_py_topic_loops:q_py_for_loop1,HandlingStandardFunction,CallingStandardFunction
q_py_topic_loops:q_py_for_loop1,HandlingStandardFunction,DefiningStandardFunction
q_py_topic_loops:q_py_for_loop1,NonNestedIteration,SingleWhileLoopIteration
q_py_topic_loops:q_py_nested_while1,Python,FindingLength
q_py_topic_loops:q_py_nested_while1,HandlingAdvancedDataStructure,StackTask
q_py_topic_loops:q_py_nested_while1,HandlingFunction,NestedFunctionCall
q_py_topic_loops:q_py_nested_while1,HandlingFunctionCallingFunction,CallingFunctionCallingFunction
q_py_topic_loops:q_py_nested_while1,HandlingFunctionCallingFunction,DefiningFunctionCallingFunction
q_py_topic_loops:q_py_nested_while1,HandlingRecursiveFunction,CallingRecursiveFunction
q_py_topic_loops:q_py_nested_while1,HandlingRecursiveFunction,DefiningRecursiveFunction
q_py_topic_loops:q_py_nested_while1,HandlingNestedFunction,CallingNestedFunction
q_py_topic_loops:q_py_nested_while1,HandlingNestedFunction,DefiningNestedFunction
q_py_topic_loops:q_py_nested_while1,HandlingStandardFunction,CallingStandardFunction
q_py_topic_loops:q_py_nested_while1,HandlingStandardFunction,DefiningStandardFunction
q_py_topic_loops:q_py_nested_while1,NestedLoopIteration,NestedForLoopIteration
q_py_topic_loops:q_py_while_loop1,HandlingStandardFunction,CallingStandardFunction
q_py_topic_loops:q_py_while_loop1,HandlingStandardFunction,DefiningStandardFunction
q_py_topic_loops:q_py_while_loop1,NonNestedIteration,SingleForLoopIteration
q_py_topic_loops:q_py_while_loop2,Python,FindingLength
q_py_topic_loops:q_py_while_loop2,HandlingAdvancedDataStructure,StackTask
q_py_topic_loops:q_py_while_loop2,HandlingFunction,NestedFunctionCall
q_py_topic_loops:q_py_while_loop2,HandlingRecursiveFunction,CallingRecursiveFunction
q_py_topic_loops:q_py_while_loop2,HandlingRecursiveFunction,DefiningRecursiveFunction
q_py_topic_loops:q_py_while_loop2,HandlingNestedFunction,CallingNestedFunction
q_py_topic_loops:q_py_while_loop2,HandlingNestedFunction,DefiningNestedFunction
q_py_topic_loops:q_py_while_loop2,HandlingStandardFunction,CallingStandardFunction
q_py_topic_loops:q_py_while_loop2,HandlingStandardFunction,DefiningStandardFunction
q_py_topic_output_formatting:q_py_output1,HandlingFunction,CallingFunctionLibrary
q_py_topic_output_formatting:q_py_output1,HandlingStandardFunction,CallingStandardFunction
q_py_topic_output_formatting:q_py_output1,HandlingStandardFunction,DefiningStandardFunction
q_py_topic_output_formatting:q_py_output1,HandlingString,CreatingString
q_py_topic_output_formatting:q_py_output1,HandlingString,TransformingToStringType
q_py_topic_output_formatting:q_py_output1,HandlingString,TrimmingString
q_py_topic_output_formatting:q_py_output1,ModifyingStringCase,ConvertStringToUpperCase
q_py_topic_output_formatting:q_py_output1,ModifyingStringCase,ConvertStringToLowerCase
q_py_topic_output_formatting:q_py_output1,ModifyingStringCase,CapitalizeString
q_py_topic_output_formatting:q_py_output2,Python,Importing
q_py_topic_output_formatting:q_py_output2,CheckingCondition,IfElseChecking
q_py_topic_output_formatting:q_py_output2,HandlingNestedFunction,CallingNestedFunction
q_py_topic_output_formatting:q_py_output2,HandlingStandardFunction,CallingStandardFunction
q_py_topic_output_formatting:q_py_output2,HandlingStandardFunction,DefiningStandardFunction
q_py_topic_output_formatting:q_py_output2,HandlingFile,ReadingLine
q_py_topic_output_formatting:q_py_output2,HandlingString,IndexingString
q_py_topic_output_formatting:q_py_output3,Python,Importing
q_py_topic_output_formatting:q_py_output3,CheckingCondition,IfElseChecking
q_py_topic_output_formatting:q_py_output3,CheckingCondition,AssertChecking
q_py_topic_output_formatting:q_py_output3,CheckingCondition,IfChecking
q_py_topic_output_formatting:q_py_output3,CheckingCondition,BooleanEvaluating
q_py_topic_output_formatting:q_py_output3,HandlingAdvancedDataStructure,StackTask
q_py_topic_output_formatting:q_py_output3,HandlingFunction,NestedFunctionCall
q_py_topic_output_formatting:q_py_output3,HandlingFunctionCallingFunction,CallingFunctionCallingFunction
q_py_topic_output_formatting:q_py_output3,HandlingFunctionCallingFunction,DefiningFunctionCallingFunction
q_py_topic_output_formatting:q_py_output3,HandlingRecursiveFunction,CallingRecursiveFunction
q_py_topic_output_formatting:q_py_output3,HandlingRecursiveFunction,DefiningRecursiveFunction
q_py_topic_output_formatting:q_py_output3,HandlingNestedFunction,CallingNestedFunction
q_py_topic_output_formatting:q_py_output3,HandlingNestedFunction,DefiningNestedFunction
q_py_topic_output_formatting:q_py_output3,HandlingStandardFunction,CallingStandardFunction
q_py_topic_output_formatting:q_py_output3,HandlingStandardFunction,DefiningStandardFunction
q_py_topic_output_formatting:q_py_output3,NonNestedIteration,SingleWhileLoopIteration
q_py_topic_output_formatting:q_py_output3,WhileLoopWithUpdate,WhileLoopWithListIndexing
q_py_topic_output_formatting:q_py_output3,WhileLoopWithUpdate,WhileLoopWith*=
q_py_topic_output_formatting:q_py_output3,WhileLoopWithUpdate,WhileLoopWith+=
q_py_topic_output_formatting:q_py_output3,ForLoopWithUpdate,ForLoopWith+=
q_py_topic_output_formatting:q_py_output3,ForLoopWithUpdate,ForLoopWith*=
q_py_topic_output_formatting:q_py_output3,ForLoopWithUpdate,ForLoopWithListIndexing
q_py_topic_output_formatting:q_py_output3,NestedLoopIteration,NestedForLoopIteration
q_py_topic_output_formatting:q_py_output3,NestedLoopIteration,NestedWhileLoopIteration
q_py_topic_output_formatting:q_py_output3,HandlingTuple,CreatingTuple
q_py_topic_output_formatting:q_py_output3,HandlingTuple,SlicingTuple
q_py_topic_output_formatting:q_py_output3,HandlingFloat,TransformingToFloatType
q_py_topic_output_formatting:q_py_output3,HandlingFile,ClosingFile
q_py_topic_output_formatting:q_py_output3,HandlingFile,ReadingLine
q_py_topic_output_formatting:q_py_output3,HandlingFile,OpeningFile
q_py_topic_output_formatting:q_py_output3,HandlingString,SplittingString
q_py_topic_output_formatting:q_py_output3,HandlingString,TrimmingString
q_py_topic_output_formatting:q_py_output3,HandlingString,SlicingString
q_py_topic_output_formatting:q_py_output4,Python,Importing
q_py_topic_references:q_py_int_ref1,HandlingStandardFunction,CallingStandardFunction
q_py_topic_references:q_py_int_ref1,HandlingStandardFunction,DefiningStandardFunction
q_py_topic_references:q_py_list_int_ref1,HandlingStandardFunction,CallingStandardFunction
q_py_topic_references:q_py_list_int_ref1,HandlingStandardFunction,DefiningStandardFunction
q_py_topic_references:q_py_list_str_ref1,HandlingStandardFunction,CallingStandardFunction
q_py_topic_references:q_py_list_str_ref1,HandlingStandardFunction,DefiningStandardFunction
q_py_topic_references:q_py_list_str_ref1,HandlingString,FormattingString
q_py_topic_references:q_py_str_ref1,HandlingAdvancedDataStructure,StackTask
q_py_topic_references:q_py_str_ref1,HandlingFunction,NestedFunctionCall
q_py_topic_references:q_py_str_ref1,HandlingRecursiveFunction,CallingRecursiveFunction
q_py_topic_references:q_py_str_ref1,HandlingRecursiveFunction,DefiningRecursiveFunction
q_py_topic_references:q_py_str_ref1,HandlingStandardFunction,CallingStandardFunction
q_py_topic_references:q_py_str_ref1,HandlingStandardFunction,DefiningStandardFunction
q_py_topic_strings:q_py_concat_strings1,HandlingStandardFunction,CallingStandardFunction
q_py_topic_strings:q_py_concat_strings1,HandlingStandardFunction,DefiningStandardFunction
ae_adl_objects3,HandlingStandardFunction,CallingStandardFunction
ae_adl_objects3,HandlingStandardFunction,DefiningStandardFunction
ae_python_intro,HandlingStandardFunction,CallingStandardFunction
ae_python_intro,HandlingStandardFunction,DefiningStandardFunction
ae_python_assignment,HandlingRecursiveFunction,CallingRecursiveFunction
ae_python_assignment,HandlingRecursiveFunction,DefiningRecursiveFunction
ae_python_input,Python,Importing
ae_python_input,HandlingStandardFunction,CallingStandardFunction
ae_python_input,HandlingStandardFunction,DefiningStandardFunction
ae_python_input,HandlingString,SplittingString
ae_python_float,HandlingStandardFunction,CallingStandardFunction
ae_python_float,HandlingStandardFunction,DefiningStandardFunction
ae_python_if,HandlingStandardFunction,CallingStandardFunction
ae_python_if,HandlingStandardFunction,DefiningStandardFunction
ae_python_while,HandlingStandardFunction,CallingStandardFunction
ae_python_while,HandlingStandardFunction,DefiningStandardFunction
ae_python_for,ManagingVariable,SwappingVariablesValue
ae_python_for,ManagingVariable,AssigningVariable
ae_python_for,HandlingAdvancedDataStructure,BinaryTreeTask
ae_python_for,HandlingAdvancedDataStructure,LinkedListTask
ae_python_for,HandlingAdvancedDataStructure,QueueTask
ae_python_for,TwoDimensionalArrayTask,ReplacingElement2DArray
ae_python_for,TwoDimensionalArrayTask,Indexing2DArray
ae_python_for,TwoDimensionalArrayTask,Create2DArray
ae_python_for,HandlingStandardFunction,CallingStandardFunction
ae_python_for,HandlingStandardFunction,DefiningStandardFunction
ae_python_for,ArithmeticOperation,FindAbsolute
ae_python_for,ArithmeticOperation,FindMaximum
ae_python_for,ArithmeticOperation,Addition
ae_python_for,ArithmeticOperation,Round
ae_python_for,ArithmeticOperation,Power
ae_python_for,ArithmeticOperation,FindMinimum
ae_python_for,ArithmeticOperation,Substraction
ae_python_for,ArithmeticOperation,Division
ae_python_for,HandlingError,HandlingSpecificError
ae_python_for,HandlingError,HandlingGeneralError
ae_python_function,HandlingStandardFunction,CallingStandardFunction
ae_python_function,HandlingStandardFunction,DefiningStandardFunction
ae_python_list,HandlingFunctionCallingFunction,CallingFunctionCallingFunction
ae_python_list,HandlingFunctionCallingFunction,DefiningFunctionCallingFunction
ae_python_list,HandlingNestedFunction,CallingNestedFunction
ae_python_list,HandlingNestedFunction,DefiningNestedFunction
ae_python_list,HandlingStandardFunction,CallingStandardFunction
ae_python_list,HandlingStandardFunction,DefiningStandardFunction
ae_python_split,HandlingStandardFunction,CallingStandardFunction
ae_python_split,HandlingStandardFunction,DefiningStandardFunction
ae_python_split,HandlingTuple,SlicingTuple
ae_python_file,HandlingStandardFunction,CallingStandardFunction
ae_python_file,HandlingStandardFunction,DefiningStandardFunction
ae_python_class1,HandlingStandardFunction,CallingStandardFunction
ae_python_class1,HandlingStandardFunction,DefiningStandardFunction
ae_python_class2,HandlingRecursiveFunction,CallingRecursiveFunction
ae_python_class2,HandlingRecursiveFunction,DefiningRecursiveFunction
ae_python_class2,HandlingStandardFunction,CallingStandardFunction
ae_python_class2,HandlingStandardFunction,DefiningStandardFunction
ae_adl_vals_refs1,Python,Importing
ae_adl_vals_refs1,HandlingAdvancedDataStructure,StackTask
ae_adl_vals_refs1,HandlingFunction,NestedFunctionCall
ae_adl_vals_refs1,HandlingStandardFunction,CallingStandardFunction
ae_adl_vals_refs1,HandlingStandardFunction,DefiningStandardFunction
ae_adl_vals_refs2,HandlingObjectOrientedProgramming,CallingOOPMethod
ae_adl_vals_refs2,HandlingFunction,NestedFunctionCall
ae_adl_vals_refs2,HandlingFunctionCallingFunction,CallingFunctionCallingFunction
ae_adl_vals_refs2,HandlingFunctionCallingFunction,DefiningFunctionCallingFunction
ae_adl_vals_refs2,HandlingStandardFunction,CallingStandardFunction
ae_adl_vals_refs2,HandlingStandardFunction,DefiningStandardFunction
ae_adl_vals_refs3,HandlingStandardFunction,CallingStandardFunction
ae_adl_vals_refs3,HandlingStandardFunction,DefiningStandardFunction
ae_adl_tryexcept1,HandlingStandardFunction,CallingStandardFunction
ae_adl_tryexcept1,HandlingStandardFunction,DefiningStandardFunction
ae_adl_tryexcept2,HandlingFunctionCallingFunction,CallingFunctionCallingFunction
ae_adl_tryexcept2,HandlingFunctionCallingFunction,DefiningFunctionCallingFunction
ae_adl_tryexcept2,HandlingRecursiveFunction,CallingRecursiveFunction
ae_adl_tryexcept2,HandlingRecursiveFunction,DefiningRecursiveFunction
ae_adl_tryexcept2,HandlingNestedFunction,CallingNestedFunction
ae_adl_tryexcept2,HandlingNestedFunction,DefiningNestedFunction
ae_adl_tryexcept2,HandlingStandardFunction,CallingStandardFunction
ae_adl_tryexcept2,HandlingStandardFunction,DefiningStandardFunction
ae_adl_file1,Python,Concatenation
ae_adl_file1,Python,Importing
ae_adl_file1,HandlingStandardFunction,CallingStandardFunction
ae_adl_file1,HandlingStandardFunction,DefiningStandardFunction
ae_adl_file2,HandlingStandardFunction,CallingStandardFunction
ae_adl_file2,HandlingStandardFunction,DefiningStandardFunction
q_py_topic_strings:q_py_substring1,HandlingStandardFunction,CallingStandardFunction
q_py_topic_strings:q_py_substring1,HandlingStandardFunction,DefiningStandardFunction
q_py_topic_two_dimensional_array:q_py_2d_arrays2,HandlingStandardFunction,CallingStandardFunction
q_py_topic_two_dimensional_array:q_py_2d_arrays2,HandlingStandardFunction,DefiningStandardFunction
q_py_topic_two_dimensional_array:q_py_2d_arrays2,NonNestedIteration,SingleWhileLoopIteration
q_py_topic_two_dimensional_array:q_py_2d_arrays2,NestedLoopIteration,NestedWhileLoopIteration
q_py_topic_two_dimensional_array:q_py_2d_arrays3,HandlingStandardFunction,CallingStandardFunction
q_py_topic_two_dimensional_array:q_py_2d_arrays3,HandlingStandardFunction,DefiningStandardFunction
q_py_topic_two_dimensional_array:q_py_2d_arrays3,NonNestedIteration,SingleWhileLoopIteration
q_py_topic_two_dimensional_array:q_py_2d_arrays3,NestedLoopIteration,NestedWhileLoopIteration
q_py_topic_two_dimensional_array:q_py_2d_arrays4,HandlingStandardFunction,CallingStandardFunction
q_py_topic_two_dimensional_array:q_py_2d_arrays4,HandlingStandardFunction,DefiningStandardFunction
q_py_topic_two_dimensional_array:q_py_2d_arrays4,ForLoopWithUpdate,ForLoopWith*=
q_py_topic_two_dimensional_array:q_py_2d_arrays4,NestedLoopIteration,NestedWhileLoopIteration
q_py_topic_variables:q_py_arithmetic1,HandlingStandardFunction,CallingStandardFunction
q_py_topic_variables:q_py_arithmetic1,HandlingStandardFunction,DefiningStandardFunction
q_py_topic_variables:q_py_arithmetic2,HandlingStandardFunction,CallingStandardFunction
q_py_topic_variables:q_py_arithmetic2,HandlingStandardFunction,DefiningStandardFunction
q_py_topic_variables:q_py_exchange1,HandlingStandardFunction,CallingStandardFunction
q_py_topic_variables:q_py_exchange1,HandlingStandardFunction,DefiningStandardFunction
q_py_topic_variables:q_py_exchange2,HandlingStandardFunction,CallingStandardFunction
q_py_topic_variables:q_py_exchange2,HandlingStandardFunction,DefiningStandardFunction
q_topic_classes_objects:q_py_inheritance_animal1,HandlingAdvancedDataStructure,StackTask
q_topic_classes_objects:q_py_inheritance_animal1,HandlingFunction,CallingFunctionLibrary
q_topic_classes_objects:q_py_inheritance_animal1,HandlingFunction,NestedFunctionCall
q_topic_classes_objects:q_py_inheritance_animal1,HandlingFunctionCallingFunction,CallingFunctionCallingFunction
q_topic_classes_objects:q_py_inheritance_animal1,HandlingFunctionCallingFunction,DefiningFunctionCallingFunction
q_topic_classes_objects:q_py_inheritance_animal1,HandlingRecursiveFunction,CallingRecursiveFunction
q_topic_classes_objects:q_py_inheritance_animal1,HandlingRecursiveFunction,DefiningRecursiveFunction
q_topic_classes_objects:q_py_inheritance_animal1,HandlingNestedFunction,CallingNestedFunction
q_topic_classes_objects:q_py_inheritance_animal1,HandlingNestedFunction,DefiningNestedFunction
q_topic_classes_objects:q_py_inheritance_animal1,HandlingStandardFunction,CallingStandardFunction
q_topic_classes_objects:q_py_inheritance_animal1,HandlingStandardFunction,DefiningStandardFunction
q_topic_classes_objects:q_py_inheritance_animal1,ModifyingStringCase,ConvertStringToUpperCase
q_topic_classes_objects:q_py_inheritance_animal1,ModifyingStringCase,ConvertStringToLowerCase
q_topic_classes_objects:q_py_inheritance_animal1,ModifyingStringCase,CapitalizeString
q_topic_classes_objects:q_py_obj_account1,CheckingInWhileLoop,IfElseCheckingInWhileLoop
q_topic_classes_objects:q_py_obj_account1,TwoDimensionalArrayTask,ReplacingElement2DArray
q_topic_classes_objects:q_py_obj_account1,TwoDimensionalArrayTask,Indexing2DArray
q_topic_classes_objects:q_py_obj_account1,TwoDimensionalArrayTask,Create2DArray
q_topic_classes_objects:q_py_obj_account1,HandlingFunctionCallingFunction,CallingFunctionCallingFunction
q_topic_classes_objects:q_py_obj_account1,HandlingFunctionCallingFunction,DefiningFunctionCallingFunction
q_topic_classes_objects:q_py_obj_account1,HandlingStandardFunction,CallingStandardFunction
q_topic_classes_objects:q_py_obj_account1,HandlingStandardFunction,DefiningStandardFunction
q_topic_classes_objects:q_py_obj_account1,HandlingList,DeletingListElement
q_topic_classes_objects:q_py_obj_account1,HandlingList,ReplacingListElement
q_topic_classes_objects:q_py_obj_account1,HandlingError,HandlingSpecificError
q_topic_classes_objects:q_py_obj_account1,HandlingError,HandlingGeneralError
q_topic_classes_objects:q_py_obj_bus1,HandlingFunctionCallingFunction,CallingFunctionCallingFunction
q_topic_classes_objects:q_py_obj_bus1,HandlingFunctionCallingFunction,DefiningFunctionCallingFunction
q_topic_classes_objects:q_py_obj_bus1,HandlingRecursiveFunction,CallingRecursiveFunction
q_topic_classes_objects:q_py_obj_bus1,HandlingRecursiveFunction,DefiningRecursiveFunction
q_topic_classes_objects:q_py_obj_bus1,HandlingNestedFunction,CallingNestedFunction
q_topic_classes_objects:q_py_obj_bus1,HandlingNestedFunction,DefiningNestedFunction
q_topic_classes_objects:q_py_obj_bus1,HandlingStandardFunction,CallingStandardFunction
q_topic_classes_objects:q_py_obj_bus1,HandlingStandardFunction,DefiningStandardFunction
q_topic_classes_objects:q_py_obj_bus1,HandlingList,ListReferencing
q_topic_classes_objects:q_py_obj_car1,HandlingRecursiveFunction,CallingRecursiveFunction
q_topic_classes_objects:q_py_obj_car1,HandlingRecursiveFunction,DefiningRecursiveFunction
q_topic_classes_objects:q_py_obj_car1,HandlingStandardFunction,CallingStandardFunction
q_topic_classes_objects:q_py_obj_car1,HandlingStandardFunction,DefiningStandardFunction
q_topic_classes_objects:q_py_obj_car2,HandlingAdvancedDataStructure,StackTask
q_topic_classes_objects:q_py_obj_car2,HandlingFunction,NestedFunctionCall
q_topic_classes_objects:q_py_obj_car2,HandlingFunctionCallingFunction,CallingFunctionCallingFunction
q_topic_classes_objects:q_py_obj_car2,HandlingFunctionCallingFunction,DefiningFunctionCallingFunction
q_topic_classes_objects:q_py_obj_car2,HandlingRecursiveFunction,CallingRecursiveFunction
q_topic_classes_objects:q_py_obj_car2,HandlingRecursiveFunction,DefiningRecursiveFunction
q_topic_classes_objects:q_py_obj_car2,HandlingNestedFunction,CallingNestedFunction
q_topic_classes_objects:q_py_obj_car2,HandlingNestedFunction,DefiningNestedFunction
q_topic_classes_objects:q_py_obj_car2,HandlingStandardFunction,CallingStandardFunction
q_topic_classes_objects:q_py_obj_car2,HandlingStandardFunction,DefiningStandardFunction
q_topic_classes_objects:q_py_obj_point1,CheckingInForLoop,IfElifCheckingInForLoop
q_topic_classes_objects:q_py_obj_point1,CheckingInForLoop,IfCheckingInForLoop
q_topic_classes_objects:q_py_obj_point1,CheckingInForLoop,IfElifElseCheckingInForLoop
q_topic_classes_objects:q_py_obj_point1,CheckingInWhileLoop,IfElifElseCheckingInWhileLoop
q_topic_classes_objects:q_py_obj_point1,CheckingInWhileLoop,IfCheckingInWhileLoop
q_topic_classes_objects:q_py_obj_point1,CheckingInWhileLoop,IfElseCheckingInWhileLoop
q_topic_classes_objects:q_py_obj_point1,CheckingInWhileLoop,IfElifCheckingInWhileLoop
q_topic_classes_objects:q_py_obj_point1,TwoDimensionalArrayTask,ReplacingElement2DArray
q_topic_classes_objects:q_py_obj_point1,HandlingObjectOrientedProgramming,CallingOOPMethod
q_topic_classes_objects:q_py_obj_point1,HandlingStandardFunction,CallingStandardFunction
q_topic_classes_objects:q_py_obj_point1,HandlingStandardFunction,DefiningStandardFunction
q_topic_classes_objects:q_py_obj_student1,CheckingInForLoop,IfElseCheckingInForLoop
q_topic_classes_objects:q_py_obj_student1,CheckingInWhileLoop,IfElseCheckingInWhileLoop
q_topic_classes_objects:q_py_obj_student1,HandlingAdvancedDataStructure,StackTask
q_topic_classes_objects:q_py_obj_student1,HandlingObjectOrientedProgramming,CallingOOPMethod
q_topic_classes_objects:q_py_obj_student1,HandlingObjectOrientedProgramming,CreatingObject
q_topic_classes_objects:q_py_obj_student1,HandlingFunction,NestedFunctionCall
q_topic_classes_objects:q_py_obj_student1,HandlingRecursiveFunction,CallingRecursiveFunction
q_topic_classes_objects:q_py_obj_student1,HandlingRecursiveFunction,DefiningRecursiveFunction
q_topic_classes_objects:q_py_obj_student1,HandlingNestedFunction,CallingNestedFunction
q_topic_classes_objects:q_py_obj_student1,HandlingNestedFunction,DefiningNestedFunction
q_topic_classes_objects:q_py_obj_student1,HandlingStandardFunction,CallingStandardFunction
q_topic_classes_objects:q_py_obj_student1,HandlingStandardFunction,DefiningStandardFunction
q_topic_classes_objects:q_py_obj_student1,NonNestedIteration,SingleForLoopIteration
q_topic_classes_objects:q_py_obj_student1,NonNestedIteration,SingleWhileLoopIteration
q_topic_classes_objects:q_py_obj_student1,NestedLoopIteration,MixedNestedLoopIteration
q_topic_classes_objects:q_py_obj_student1,HandlingList,DeletingListElement
q_topic_classes_objects:q_py_obj_student1,HandlingList,ReplacingListElement
py_if_else_wage,CheckingCondition,AssertChecking
py_if_else_wage,HandlingStandardFunction,CallingStandardFunction
py_if_else_wage,HandlingStandardFunction,DefiningStandardFunction
py_if_else_wage2,HandlingStandardFunction,CallingStandardFunction
py_if_else_wage2,HandlingStandardFunction,DefiningStandardFunction
py_check_adjacent,HandlingStandardFunction,CallingStandardFunction
py_check_adjacent,HandlingStandardFunction,DefiningStandardFunction
py_adjacent_consecutive,HandlingStandardFunction,CallingStandardFunction
py_adjacent_consecutive,HandlingStandardFunction,DefiningStandardFunction
py_adjacent_greater,HandlingStandardFunction,CallingStandardFunction
py_adjacent_greater,HandlingStandardFunction,DefiningStandardFunction
py_win_percentage,HandlingStandardFunction,CallingStandardFunction
py_win_percentage,HandlingStandardFunction,DefiningStandardFunction
py_win_percentage_input,HandlingStandardFunction,CallingStandardFunction
py_win_percentage_input,HandlingStandardFunction,DefiningStandardFunction
py_win_percentage_won_equal,HandlingStandardFunction,CallingStandardFunction
py_win_percentage_won_equal,HandlingStandardFunction,DefiningStandardFunction
py_find_average,CheckingCondition,AssertChecking
py_find_average,HandlingStandardFunction,CallingStandardFunction
py_find_average,HandlingStandardFunction,DefiningStandardFunction
py_average_even_nums,HandlingStandardFunction,CallingStandardFunction
py_average_even_nums,HandlingStandardFunction,DefiningStandardFunction
py_average_float,HandlingStandardFunction,CallingStandardFunction
py_average_float,HandlingStandardFunction,DefiningStandardFunction
py_average_float,WhileLoopWithUpdate,WhileLoopWith*=
py_list2d_basic,HandlingStandardFunction,CallingStandardFunction
py_list2d_basic,HandlingStandardFunction,DefiningStandardFunction
py_list2d_basic2,HandlingStandardFunction,CallingStandardFunction
py_list2d_basic2,HandlingStandardFunction,DefiningStandardFunction
py_list2d_basic2,WhileLoopWithUpdate,WhileLoopWith*=
py_list2d_basic2,WhileLoopWithUpdate,WhileLoopWith+=
py_list2d_basic2,ForLoopWithUpdate,ForLoopWith+=
py_list2d_basic2,ForLoopWithUpdate,ForLoopWith*=
py_list_basic,HandlingStandardFunction,CallingStandardFunction
py_list_basic,HandlingStandardFunction,DefiningStandardFunction
py_list_basic3,HandlingStandardFunction,CallingStandardFunction
py_list_basic3,HandlingStandardFunction,DefiningStandardFunction
py_list_change,HandlingStandardFunction,CallingStandardFunction
py_list_change,HandlingStandardFunction,DefiningStandardFunction
py_list_change,NonNestedIteration,SingleWhileLoopIteration
py_list_change,ForLoopWithUpdate,ForLoopWith*=
py_list_swap_adjacent_elements,HandlingStandardFunction,CallingStandardFunction
py_list_swap_adjacent_elements,HandlingStandardFunction,DefiningStandardFunction
py_list_fill,HandlingStandardFunction,CallingStandardFunction
py_list_fill,HandlingStandardFunction,DefiningStandardFunction
py_list_fill,NestedLoopIteration,NestedWhileLoopIteration
py_list_fill_user_input,HandlingStandardFunction,CallingStandardFunction
py_list_fill_user_input,HandlingStandardFunction,DefiningStandardFunction
py_list_fill_user_input,NonNestedIteration,SingleWhileLoopIteration
py_list_min_max,HandlingStandardFunction,CallingStandardFunction
py_list_min_max,HandlingStandardFunction,DefiningStandardFunction
py_list_min,HandlingStandardFunction,CallingStandardFunction
py_list_min,HandlingStandardFunction,DefiningStandardFunction
py_list_rotate,HandlingFunction,NestedFunctionCall
py_list_rotate,HandlingRecursiveFunction,CallingRecursiveFunction
py_list_rotate,HandlingRecursiveFunction,DefiningRecursiveFunction
py_list_rotate,HandlingStandardFunction,CallingStandardFunction
py_list_rotate,HandlingStandardFunction,DefiningStandardFunction
py_list_rotate_left_twice,HandlingFunctionCallingFunction,CallingFunctionCallingFunction
py_list_rotate_left_twice,HandlingFunctionCallingFunction,DefiningFunctionCallingFunction
py_list_rotate_left_twice,HandlingStandardFunction,CallingStandardFunction
py_list_rotate_left_twice,HandlingStandardFunction,DefiningStandardFunction
py_list_rotate_right,HandlingStandardFunction,CallingStandardFunction
py_list_rotate_right,HandlingStandardFunction,DefiningStandardFunction
py_list_rotate_right_twice,HandlingStandardFunction,CallingStandardFunction
py_list_rotate_right_twice,HandlingStandardFunction,DefiningStandardFunction
py_print_medals,HandlingStandardFunction,CallingStandardFunction
py_print_medals,HandlingStandardFunction,DefiningStandardFunction
py_print_medals,WhileLoopWithUpdate,WhileLoopWith*=
py_print_medals,ForLoopWithUpdate,ForLoopWith*=
py_print_medals,NestedLoopIteration,NestedWhileLoopIteration
py_print_medals_row_column_total,HandlingStandardFunction,CallingStandardFunction
py_print_medals_row_column_total,HandlingStandardFunction,DefiningStandardFunction
py_print_medals_row_column_total,ForLoopWithUpdate,ForLoopWith*=
py_list_process_elements,HandlingStandardFunction,CallingStandardFunction
py_list_process_elements,HandlingStandardFunction,DefiningStandardFunction
py_list_process_elements,ForLoopWithUpdate,ForLoopWith*=
py_average_list_elements,HandlingFunction,NestedFunctionCall
py_average_list_elements,HandlingRecursiveFunction,CallingRecursiveFunction
py_average_list_elements,HandlingRecursiveFunction,DefiningRecursiveFunction
py_average_list_elements,HandlingStandardFunction,CallingStandardFunction
py_average_list_elements,HandlingStandardFunction,DefiningStandardFunction
py_search_list,HandlingStandardFunction,CallingStandardFunction
py_search_list,HandlingStandardFunction,DefiningStandardFunction
py_search_list_total_count,HandlingStandardFunction,CallingStandardFunction
py_search_list_total_count,HandlingStandardFunction,DefiningStandardFunction
py_search_list_total_count,WhileLoopWithUpdate,WhileLoopWith*=
py_search_list_total_count,ForLoopWithUpdate,ForLoopWith*=
py_search_list_total_count,NestedLoopIteration,NestedWhileLoopIteration
py_search_list_count_each,HandlingStandardFunction,CallingStandardFunction
py_search_list_count_each,HandlingStandardFunction,DefiningStandardFunction
py_search_list_count_each,NonNestedIteration,SingleWhileLoopIteration
py_search_list_count_each,ForLoopWithUpdate,ForLoopWith*=
py_search_list_count_each,NestedLoopIteration,NestedWhileLoopIteration
py_soda_survey,HandlingStandardFunction,CallingStandardFunction
py_soda_survey,HandlingStandardFunction,DefiningStandardFunction
py_soda_survey,NestedLoopIteration,NestedWhileLoopIteration
py_soda_survey_soda_avg,HandlingStandardFunction,CallingStandardFunction
py_soda_survey_soda_avg,HandlingStandardFunction,DefiningStandardFunction
py_soda_survey_soda_avg,ForLoopWithUpdate,ForLoopWith*=
py_soda_survey_soda_respondent_avg,HandlingFunction,NestedFunctionCall
py_soda_survey_soda_respondent_avg,HandlingStandardFunction,CallingStandardFunction
py_soda_survey_soda_respondent_avg,HandlingStandardFunction,DefiningStandardFunction
py_soda_survey_soda_respondent_avg,WhileLoopWithUpdate,WhileLoopWithListIndexing
py_soda_survey_soda_respondent_avg,WhileLoopWithUpdate,WhileLoopWith*=
py_soda_survey_soda_respondent_avg,WhileLoopWithUpdate,WhileLoopWith+=
py_soda_survey_soda_respondent_avg,ForLoopWithUpdate,ForLoopWith*=
py_soda_survey_soda_respondent_avg,NestedLoopIteration,NestedWhileLoopIteration
py_temperature,HandlingStandardFunction,CallingStandardFunction
py_temperature,HandlingStandardFunction,DefiningStandardFunction
py_temperature,ArithmeticOperation,Power
py_temperature_list_days_above_threshold,Python,Importing
py_temperature_list_days_above_threshold,HandlingStandardFunction,CallingStandardFunction
py_temperature_list_days_above_threshold,HandlingStandardFunction,DefiningStandardFunction
py_temperature_list_days_above_threshold,NestedLoopIteration,NestedWhileLoopIteration
py_digits,HandlingStandardFunction,CallingStandardFunction
py_digits,HandlingStandardFunction,DefiningStandardFunction
py_reverse_number,HandlingStandardFunction,CallingStandardFunction
py_reverse_number,HandlingStandardFunction,DefiningStandardFunction
py_work_hours,HandlingStandardFunction,CallingStandardFunction
py_work_hours,HandlingStandardFunction,DefiningStandardFunction
py_work_hours,NestedLoopIteration,NestedWhileLoopIteration
py_work_hours2,HandlingStandardFunction,CallingStandardFunction
py_work_hours2,HandlingStandardFunction,DefiningStandardFunction
py_work_hours2,ForLoopWithUpdate,ForLoopWith*=
py_check_product_code,HandlingStandardFunction,CallingStandardFunction
py_check_product_code,HandlingStandardFunction,DefiningStandardFunction
py_check_product_code2,HandlingStandardFunction,CallingStandardFunction
py_check_product_code2,HandlingStandardFunction,DefiningStandardFunction
py_concat_char_two_str,HandlingFunctionCallingFunction,CallingFunctionCallingFunction
py_concat_char_two_str,HandlingFunctionCallingFunction,DefiningFunctionCallingFunction
py_concat_char_two_str,HandlingRecursiveFunction,CallingRecursiveFunction
py_concat_char_two_str,HandlingRecursiveFunction,DefiningRecursiveFunction
py_concat_char_two_str,HandlingNestedFunction,CallingNestedFunction
py_concat_char_two_str,HandlingNestedFunction,DefiningNestedFunction
py_concat_char_two_str,HandlingStandardFunction,CallingStandardFunction
py_concat_char_two_str,HandlingStandardFunction,DefiningStandardFunction
py_concat_char_two_str2,Python,Importing
py_concat_char_two_str2,HandlingRecursiveFunction,CallingRecursiveFunction
py_concat_char_two_str2,HandlingRecursiveFunction,DefiningRecursiveFunction
py_concat_char_two_str2,HandlingStandardFunction,CallingStandardFunction
py_concat_char_two_str2,HandlingStandardFunction,DefiningStandardFunction
py_str_repeat,Python,Importing
py_str_repeat,HandlingStandardFunction,CallingStandardFunction
py_str_repeat,HandlingStandardFunction,DefiningStandardFunction
py_str_repeat,ForLoopWithUpdate,ForLoopWith*=
py_str_repeat,ForLoopWithUpdate,ForLoopWithListIndexing
py_str_count,HandlingRecursiveFunction,CallingRecursiveFunction
py_str_count,HandlingRecursiveFunction,DefiningRecursiveFunction
py_str_count,HandlingStandardFunction,CallingStandardFunction
py_str_count,HandlingStandardFunction,DefiningStandardFunction
py_str_count,ForLoopWithUpdate,ForLoopWith*=
py_str_count2,HandlingRecursiveFunction,CallingRecursiveFunction
py_str_count2,HandlingRecursiveFunction,DefiningRecursiveFunction
py_str_count2,HandlingStandardFunction,CallingStandardFunction
py_str_count2,HandlingStandardFunction,DefiningStandardFunction
py_if_else_num,HandlingStandardFunction,CallingStandardFunction
py_if_else_num,HandlingStandardFunction,DefiningStandardFunction
py_ifelse_odd_even,HandlingStandardFunction,CallingStandardFunction
py_ifelse_odd_even,HandlingStandardFunction,DefiningStandardFunction
py_ifelse_odd_even,ArithmeticOperation,Multiplication
py_range_one,HandlingStandardFunction,CallingStandardFunction
py_range_one,HandlingStandardFunction,DefiningStandardFunction
py_range_one,NonNestedIteration,SingleWhileLoopIteration
py_range1_2,Python,Importing
py_range1_2,HandlingStandardFunction,CallingStandardFunction
py_range1_2,HandlingStandardFunction,DefiningStandardFunction
py_range1_2,NonNestedIteration,SingleWhileLoopIteration
py_range_three,Python,Importing
py_range_three,HandlingStandardFunction,CallingStandardFunction
py_range_three,HandlingStandardFunction,DefiningStandardFunction
py_range_three,NestedLoopIteration,NestedWhileLoopIteration
py_range3_2,HandlingStandardFunction,CallingStandardFunction
py_range3_2,HandlingStandardFunction,DefiningStandardFunction
py_range_two,HandlingStandardFunction,CallingStandardFunction
py_range_two,HandlingStandardFunction,DefiningStandardFunction
py_range2_2,HandlingStandardFunction,CallingStandardFunction
py_range2_2,HandlingStandardFunction,DefiningStandardFunction
py_range2_2,NestedLoopIteration,NestedWhileLoopIteration
py_squares,HandlingStandardFunction,CallingStandardFunction
py_squares,HandlingStandardFunction,DefiningStandardFunction
py_squares,NestedLoopIteration,NestedWhileLoopIteration
py_write_squares_odd,HandlingStandardFunction,CallingStandardFunction
py_write_squares_odd,HandlingStandardFunction,DefiningStandardFunction
py_write_squares_odd,NestedLoopIteration,NestedWhileLoopIteration
py_write_squares_range,HandlingStandardFunction,CallingStandardFunction
py_write_squares_range,HandlingStandardFunction,DefiningStandardFunction
py_write_squares_range,NonNestedIteration,SingleWhileLoopIteration
py_write_squares_range,NestedLoopIteration,NestedWhileLoopIteration
py_repeated_sequence,Python,Importing
py_repeated_sequence,HandlingStandardFunction,CallingStandardFunction
py_repeated_sequence,HandlingStandardFunction,DefiningStandardFunction
py_repeated_sequence,NestedLoopIteration,NestedWhileLoopIteration
py_repeated_sequence2,Python,Importing
py_repeated_sequence2,HandlingStandardFunction,CallingStandardFunction
py_repeated_sequence2,HandlingStandardFunction,DefiningStandardFunction
py_repeated_sequence2,NestedLoopIteration,NestedWhileLoopIteration
py_star_patterns,Python,Importing
py_star_patterns,HandlingStandardFunction,CallingStandardFunction
py_star_patterns,HandlingStandardFunction,DefiningStandardFunction
py_star_patterns,NestedLoopIteration,NestedWhileLoopIteration
py_stars_2,Python,Importing
py_stars_2,Python,FindingLength
py_stars_2,Python,CheckingForItem
py_stars_2,CheckingCondition,AssertChecking
py_stars_2,HandlingStandardFunction,CallingStandardFunction
py_stars_2,HandlingStandardFunction,DefiningStandardFunction
py_stars_2,ForLoopWithUpdate,ForLoopWith*=
py_stars_2,NestedLoopIteration,NestedWhileLoopIteration
py_divisor,HandlingStandardFunction,CallingStandardFunction
py_divisor,HandlingStandardFunction,DefiningStandardFunction
py_divisor,ArithmeticOperation,FindMaximum
py_largest_divisor,HandlingStandardFunction,CallingStandardFunction
py_largest_divisor,HandlingStandardFunction,DefiningStandardFunction
py_largest_divisor,ArithmeticOperation,Multiplication
py_input,Python,Importing
py_input,HandlingStandardFunction,CallingStandardFunction
py_input,HandlingStandardFunction,DefiningStandardFunction
py_input2,HandlingStandardFunction,CallingStandardFunction
py_input2,HandlingStandardFunction,DefiningStandardFunction
py_input3,HandlingStandardFunction,CallingStandardFunction
py_input3,HandlingStandardFunction,DefiningStandardFunction
py_input4,HandlingStandardFunction,CallingStandardFunction
py_input4,HandlingStandardFunction,DefiningStandardFunction
ps_hello,HandlingStandardFunction,CallingStandardFunction
ps_hello,HandlingStandardFunction,DefiningStandardFunction
ps_simple_function,HandlingStandardFunction,CallingStandardFunction
ps_simple_function,HandlingStandardFunction,DefiningStandardFunction
ps_simple_params,HandlingStandardFunction,CallingStandardFunction
ps_simple_params,HandlingStandardFunction,DefiningStandardFunction
ps_return_bigger_or_none,HandlingStandardFunction,CallingStandardFunction
ps_return_bigger_or_none,HandlingStandardFunction,DefiningStandardFunction
ps_python_addition,HandlingStandardFunction,CallingStandardFunction
ps_python_addition,HandlingStandardFunction,DefiningStandardFunction
ps_python_iteration_addition,HandlingStandardFunction,CallingStandardFunction
ps_python_iteration_addition,HandlingStandardFunction,DefiningStandardFunction
ps_python_iteration_multiplication,HandlingStandardFunction,CallingStandardFunction
ps_python_iteration_multiplication,HandlingStandardFunction,DefiningStandardFunction
ps_python_calculate_function,HandlingStandardFunction,CallingStandardFunction
ps_python_calculate_function,HandlingStandardFunction,DefiningStandardFunction
ps_python_nested_calls,HandlingFunctionCallingFunction,CallingFunctionCallingFunction
ps_python_nested_calls,HandlingFunctionCallingFunction,DefiningFunctionCallingFunction
ps_python_nested_calls,HandlingRecursiveFunction,CallingRecursiveFunction
ps_python_nested_calls,HandlingRecursiveFunction,DefiningRecursiveFunction
ps_python_nested_calls,HandlingNestedFunction,CallingNestedFunction
ps_python_nested_calls,HandlingNestedFunction,DefiningNestedFunction
ps_python_nested_calls,HandlingStandardFunction,CallingStandardFunction
ps_python_nested_calls,HandlingStandardFunction,DefiningStandardFunction
ps_python_recursive_factorial,HandlingFunction,NestedFunctionCall
ps_python_recursive_factorial,HandlingFunctionCallingFunction,CallingFunctionCallingFunction
ps_python_recursive_factorial,HandlingRecursiveFunction,CallingRecursiveFunction
ps_python_recursive_factorial,HandlingRecursiveFunction,DefiningRecursiveFunction
ps_python_class_person,HandlingRecursiveFunction,CallingRecursiveFunction
ps_python_class_person,HandlingRecursiveFunction,DefiningRecursiveFunction
ps_python_class_person,HandlingStandardFunction,CallingStandardFunction
ps_python_class_person,HandlingStandardFunction,DefiningStandardFunction
ps_python_modulo_is_even,HandlingStandardFunction,CallingStandardFunction
ps_python_modulo_is_even,HandlingStandardFunction,DefiningStandardFunction
ps_python_modulo_is_even,ArithmeticOperation,Multiplication
ps_python_list_iteration_zoo,HandlingStandardFunction,CallingStandardFunction
ps_python_list_iteration_zoo,HandlingStandardFunction,DefiningStandardFunction
ps_python_list_iteration_zoo,NonNestedIteration,SingleWhileLoopIteration
ps_python_nested_lists_indexing,HandlingStandardFunction,CallingStandardFunction
ps_python_nested_lists_indexing,HandlingStandardFunction,DefiningStandardFunction
ps_python_string_indexing,HandlingStandardFunction,CallingStandardFunction
ps_python_string_indexing,HandlingStandardFunction,DefiningStandardFunction
ps_python_string_indexing,WhileLoopWithUpdate,WhileLoopWith*=
ps_python_string_indexing,WhileLoopWithUpdate,WhileLoopWith+=
ps_python_string_indexing,ForLoopWithUpdate,ForLoopWith+=
ps_python_string_indexing,ForLoopWithUpdate,ForLoopWith*=
ps_python_dict_keys,HandlingStandardFunction,CallingStandardFunction
ps_python_dict_keys,HandlingStandardFunction,DefiningStandardFunction
ps_python_dict_values,HandlingStandardFunction,CallingStandardFunction
ps_python_dict_values,HandlingStandardFunction,DefiningStandardFunction
ps_python_dict_values,ForLoopWithUpdate,ForLoopWith*=
ps_python_list_to_dict,HandlingStandardFunction,CallingStandardFunction
ps_python_list_to_dict,HandlingStandardFunction,DefiningStandardFunction
ps_python_dict_filter,HandlingStandardFunction,CallingStandardFunction
ps_python_dict_filter,HandlingStandardFunction,DefiningStandardFunction
ps_python_bigger_than,HandlingStandardFunction,CallingStandardFunction
ps_python_bigger_than,HandlingStandardFunction,DefiningStandardFunction
ps_python_conditionals_temperature,HandlingStandardFunction,CallingStandardFunction
ps_python_conditionals_temperature,HandlingStandardFunction,DefiningStandardFunction
ps_python_printing_file_contents,HandlingStandardFunction,CallingStandardFunction
ps_python_printing_file_contents,HandlingStandardFunction,DefiningStandardFunction
ps_python_try_except,HandlingStandardFunction,CallingStandardFunction
ps_python_try_except,HandlingStandardFunction,DefiningStandardFunction
ps_python_nested_ifs,HandlingStandardFunction,CallingStandardFunction
ps_python_nested_ifs,HandlingStandardFunction,DefiningStandardFunction
ps_python_comparisons,HandlingStandardFunction,CallingStandardFunction
ps_python_comparisons,HandlingStandardFunction,DefiningStandardFunction
ps_python_add_to_list,HandlingFunction,NestedFunctionCall
ps_python_add_to_list,HandlingFunctionCallingFunction,CallingFunctionCallingFunction
ps_python_add_to_list,HandlingFunctionCallingFunction,DefiningFunctionCallingFunction
ps_python_add_to_list,NonNestedIteration,SingleWhileLoopIteration
ps_python_add_to_list,ArithmeticOperation,FindRemainder
ps_python_add_to_list,ArithmeticOperation,Multiplication
ps_python_add_to_list,HandlingList,DeletingListElement
ps_python_swap,HandlingStandardFunction,CallingStandardFunction
ps_python_swap,HandlingStandardFunction,DefiningStandardFunction
ps_python_xor,HandlingStandardFunction,CallingStandardFunction
ps_python_xor,HandlingStandardFunction,DefiningStandardFunction
ps_python_for_odd_or_even,HandlingStandardFunction,CallingStandardFunction
ps_python_for_odd_or_even,HandlingStandardFunction,DefiningStandardFunction
ps_python_string_join,HandlingStandardFunction,CallingStandardFunction
ps_python_string_join,HandlingStandardFunction,DefiningStandardFunction
ps_python_try_adding,HandlingFunction,NestedFunctionCall
ps_python_try_adding,HandlingStandardFunction,CallingStandardFunction
ps_python_try_adding,HandlingStandardFunction,DefiningStandardFunction
ps_python_try_adding,HandlingString,IndexingString
ps_python_class_point,HandlingRecursiveFunction,CallingRecursiveFunction
ps_python_class_point,HandlingRecursiveFunction,DefiningRecursiveFunction
ps_python_class_point,HandlingStandardFunction,CallingStandardFunction
ps_python_class_point,HandlingStandardFunction,DefiningStandardFunction
ps_python_2d_list,HandlingStandardFunction,CallingStandardFunction
ps_python_2d_list,HandlingStandardFunction,DefiningStandardFunction
ps_python_2d_list,NestedLoopIteration,NestedWhileLoopIteration
ps_python_nested_loops,HandlingStandardFunction,CallingStandardFunction
ps_python_nested_loops,HandlingStandardFunction,DefiningStandardFunction
ps_python_nested_loops,NestedLoopIteration,NestedForLoopIteration
